record_id,policy_category,policy_id,section,employee_question,approved_answer,region,effective_date,keywords,source_priority
FAQ-0001,leave,HR-LEAVE-2026,Annual Leave,How many annual leave days do employees receive?,Regular full-time employees receive 24 days of paid annual leave per calendar year.,India,2026-07-01,annual leave;paid leave;entitlement,authoritative
FAQ-0002,leave,HR-LEAVE-2026,Carry Forward,How much annual leave can I carry forward?,Up to 10 unused annual-leave days may be carried forward and should normally be used by 31 March.,India,2026-07-01,carry forward;expiry;31 March,authoritative
FAQ-0003,benefits,HR-BEN-2026,Medical Insurance,What is the standard medical insurance cover?,"The standard family floater sum insured is INR 5,00,000 for the employee, spouse or registered partner, and up to two dependent children, subject to insurer terms.",India,2026-04-01,insurance;medical;family floater,authoritative
FAQ-0004,remote-work,HR-REMOTE-2026,Hybrid Schedule,How many days can I work remotely?,"The standard hybrid model allows up to two remote days per workweek, unless the business unit has another approved pattern.",India,2026-08-15,remote;hybrid;office days,authoritative
FAQ-0005,conduct,HR-CONDUCT-2026,Retaliation,Is retaliation allowed after an employee reports misconduct?,No. Retaliation against a person who raises a concern or participates in an investigation is prohibited.,Global,2026-09-01,retaliation;speak up;investigation,authoritative
FAQ-0006,travel,HR-TRAVEL-2026,Meals,What is the meal reimbursement limit for domestic business travel?,"Employees may claim actual meal expenses up to INR 2,000 per day during approved domestic overnight business travel, with itemized receipts where available.",India,2026-06-01,travel;meals;reimbursement,authoritative
FAQ-0007,attendance,HR-ATTEND-2026,Core Hours,What are core collaboration hours?,"For standard flexible schedules, core collaboration hours are 11:00 to 16:00 local time unless the role uses shifts or another documented schedule.",India,2026-08-15,hours;availability;core hours,authoritative
FAQ-0008,security,HR-SEC-2026,Lost Device,What should I do if my company laptop is stolen?,Report the loss immediately to the service desk and Information Security so access can be secured and incident procedures can begin.,Global,2026-05-10,laptop;lost device;security incident,authoritative
FAQ-0009,performance,HR-PERF-2026,Review Cycle,How often are formal performance reviews conducted?,"Formal performance reviews are conducted twice per year, with goal check-ins expected at least quarterly.",Global,2026-04-01,performance;review;goals,authoritative
FAQ-0010,expenses,HR-TRAVEL-2026,Receipts,When are receipts required?,Itemized receipts are required for individual expenses above INR 500 and for any category where Finance specifically requires evidence.,India,2026-06-01,receipt;expense;finance,authoritative
FAQ-0011,leave,HR-LEAVE-2026,Annual Leave,How many annual leave days do employees receive (example 2)?,Regular full-time employees receive 24 days of paid annual leave per calendar year. This row is a controlled FAQ variant for retrieval testing; governing policy remains HR-LEAVE-2026.,India,2026-07-01,annual leave;paid leave;entitlement,authoritative
FAQ-0012,leave,HR-LEAVE-2026,Carry Forward,How much annual leave can I carry forward (example 2)?,Up to 10 unused annual-leave days may be carried forward and should normally be used by 31 March. This row is a controlled FAQ variant for retrieval testing; governing policy remains HR-LEAVE-2026.,India,2026-07-01,carry forward;expiry;31 March,authoritative
FAQ-0013,benefits,HR-BEN-2026,Medical Insurance,What is the standard medical insurance cover (example 2)?,"The standard family floater sum insured is INR 5,00,000 for the employee, spouse or registered partner, and up to two dependent children, subject to insurer terms. This row is a controlled FAQ variant for retrieval testing; governing policy remains HR-BEN-2026.",India,2026-04-01,insurance;medical;family floater,authoritative
FAQ-0014,remote-work,HR-REMOTE-2026,Hybrid Schedule,How many days can I work remotely (example 2)?,"The standard hybrid model allows up to two remote days per workweek, unless the business unit has another approved pattern. This row is a controlled FAQ variant for retrieval testing; governing policy remains HR-REMOTE-2026.",India,2026-08-15,remote;hybrid;office days,authoritative
FAQ-0015,conduct,HR-CONDUCT-2026,Retaliation,Is retaliation allowed after an employee reports misconduct (example 2)?,No. Retaliation against a person who raises a concern or participates in an investigation is prohibited. This row is a controlled FAQ variant for retrieval testing; governing policy remains HR-CONDUCT-2026.,Global,2026-09-01,retaliation;speak up;investigation,authoritative
FAQ-0016,travel,HR-TRAVEL-2026,Meals,What is the meal reimbursement limit for domestic business travel (example 2)?,"Employees may claim actual meal expenses up to INR 2,000 per day during approved domestic overnight business travel, with itemized receipts where available. This row is a controlled FAQ variant for retrieval testing; governing policy remains HR-TRAVEL-2026.",India,2026-06-01,travel;meals;reimbursement,authoritative
FAQ-0017,attendance,HR-ATTEND-2026,Core Hours,What are core collaboration hours (example 2)?,"For standard flexible schedules, core collaboration hours are 11:00 to 16:00 local time unless the role uses shifts or another documented schedule. This row is a controlled FAQ variant for retrieval testing; governing policy remains HR-ATTEND-2026.",India,2026-08-15,hours;availability;core hours,authoritative
FAQ-0018,security,HR-SEC-2026,Lost Device,What should I do if my company laptop is stolen (example 2)?,Report the loss immediately to the service desk and Information Security so access can be secured and incident procedures can begin. This row is a controlled FAQ variant for retrieval testing; governing policy remains HR-SEC-2026.,Global,2026-05-10,laptop;lost device;security incident,authoritative
FAQ-0019,performance,HR-PERF-2026,Review Cycle,How often are formal performance reviews conducted (example 2)?,"Formal performance reviews are conducted twice per year, with goal check-ins expected at least quarterly. This row is a controlled FAQ variant for retrieval testing; governing policy remains HR-PERF-2026.",Global,2026-04-01,performance;review;goals,authoritative
FAQ-0020,expenses,HR-TRAVEL-2026,Receipts,When are receipts required (example 2)?,Itemized receipts are required for individual expenses above INR 500 and for any category where Finance specifically requires evidence. This row is a controlled FAQ variant for retrieval testing; governing policy remains HR-TRAVEL-2026.,India,2026-06-01,receipt;expense;finance,authoritative
FAQ-0021,leave,HR-LEAVE-2026,Annual Leave,How many annual leave days do employees receive (example 3)?,Regular full-time employees receive 24 days of paid annual leave per calendar year. This row is a controlled FAQ variant for retrieval testing; governing policy remains HR-LEAVE-2026.,India,2026-07-01,annual leave;paid leave;entitlement,authoritative
FAQ-0022,leave,HR-LEAVE-2026,Carry Forward,How much annual leave can I carry forward (example 3)?,Up to 10 unused annual-leave days may be carried forward and should normally be used by 31 March. This row is a controlled FAQ variant for retrieval testing; governing policy remains HR-LEAVE-2026.,India,2026-07-01,carry forward;expiry;31 March,authoritative
FAQ-0023,benefits,HR-BEN-2026,Medical Insurance,What is the standard medical insurance cover (example 3)?,"The standard family floater sum insured is INR 5,00,000 for the employee, spouse or registered partner, and up to two dependent children, subject to insurer terms. This row is a controlled FAQ variant for retrieval testing; governing policy remains HR-BEN-2026.",India,2026-04-01,insurance;medical;family floater,authoritative
FAQ-0024,remote-work,HR-REMOTE-2026,Hybrid Schedule,How many days can I work remotely (example 3)?,"The standard hybrid model allows up to two remote days per workweek, unless the business unit has another approved pattern. This row is a controlled FAQ variant for retrieval testing; governing policy remains HR-REMOTE-2026.",India,2026-08-15,remote;hybrid;office days,authoritative
FAQ-0025,conduct,HR-CONDUCT-2026,Retaliation,Is retaliation allowed after an employee reports misconduct (example 3)?,No. Retaliation against a person who raises a concern or participates in an investigation is prohibited. This row is a controlled FAQ variant for retrieval testing; governing policy remains HR-CONDUCT-2026.,Global,2026-09-01,retaliation;speak up;investigation,authoritative
FAQ-0026,travel,HR-TRAVEL-2026,Meals,What is the meal reimbursement limit for domestic business travel (example 3)?,"Employees may claim actual meal expenses up to INR 2,000 per day during approved domestic overnight business travel, with itemized receipts where available. This row is a controlled FAQ variant for retrieval testing; governing policy remains HR-TRAVEL-2026.",India,2026-06-01,travel;meals;reimbursement,authoritative
FAQ-0027,attendance,HR-ATTEND-2026,Core Hours,What are core collaboration hours (example 3)?,"For standard flexible schedules, core collaboration hours are 11:00 to 16:00 local time unless the role uses shifts or another documented schedule. This row is a controlled FAQ variant for retrieval testing; governing policy remains HR-ATTEND-2026.",India,2026-08-15,hours;availability;core hours,authoritative
FAQ-0028,security,HR-SEC-2026,Lost Device,What should I do if my company laptop is stolen (example 3)?,Report the loss immediately to the service desk and Information Security so access can be secured and incident procedures can begin. This row is a controlled FAQ variant for retrieval testing; governing policy remains HR-SEC-2026.,Global,2026-05-10,laptop;lost device;security incident,authoritative
FAQ-0029,performance,HR-PERF-2026,Review Cycle,How often are formal performance reviews conducted (example 3)?,"Formal performance reviews are conducted twice per year, with goal check-ins expected at least quarterly. This row is a controlled FAQ variant for retrieval testing; governing policy remains HR-PERF-2026.",Global,2026-04-01,performance;review;goals,authoritative
FAQ-0030,expenses,HR-TRAVEL-2026,Receipts,When are receipts required (example 3)?,Itemized receipts are required for individual expenses above INR 500 and for any category where Finance specifically requires evidence. This row is a controlled FAQ variant for retrieval testing; governing policy remains HR-TRAVEL-2026.,India,2026-06-01,receipt;expense;finance,authoritative
FAQ-0031,leave,HR-LEAVE-2026,Annual Leave,How many annual leave days do employees receive (example 4)?,Regular full-time employees receive 24 days of paid annual leave per calendar year. This row is a controlled FAQ variant for retrieval testing; governing policy remains HR-LEAVE-2026.,India,2026-07-01,annual leave;paid leave;entitlement,authoritative
FAQ-0032,leave,HR-LEAVE-2026,Carry Forward,How much annual leave can I carry forward (example 4)?,Up to 10 unused annual-leave days may be carried forward and should normally be used by 31 March. This row is a controlled FAQ variant for retrieval testing; governing policy remains HR-LEAVE-2026.,India,2026-07-01,carry forward;expiry;31 March,authoritative
FAQ-0033,benefits,HR-BEN-2026,Medical Insurance,What is the standard medical insurance cover (example 4)?,"The standard family floater sum insured is INR 5,00,000 for the employee, spouse or registered partner, and up to two dependent children, subject to insurer terms. This row is a controlled FAQ variant for retrieval testing; governing policy remains HR-BEN-2026.",India,2026-04-01,insurance;medical;family floater,authoritative
FAQ-0034,remote-work,HR-REMOTE-2026,Hybrid Schedule,How many days can I work remotely (example 4)?,"The standard hybrid model allows up to two remote days per workweek, unless the business unit has another approved pattern. This row is a controlled FAQ variant for retrieval testing; governing policy remains HR-REMOTE-2026.",India,2026-08-15,remote;hybrid;office days,authoritative
FAQ-0035,conduct,HR-CONDUCT-2026,Retaliation,Is retaliation allowed after an employee reports misconduct (example 4)?,No. Retaliation against a person who raises a concern or participates in an investigation is prohibited. This row is a controlled FAQ variant for retrieval testing; governing policy remains HR-CONDUCT-2026.,Global,2026-09-01,retaliation;speak up;investigation,authoritative
FAQ-0036,travel,HR-TRAVEL-2026,Meals,What is the meal reimbursement limit for domestic business travel (example 4)?,"Employees may claim actual meal expenses up to INR 2,000 per day during approved domestic overnight business travel, with itemized receipts where available. This row is a controlled FAQ variant for retrieval testing; governing policy remains HR-TRAVEL-2026.",India,2026-06-01,travel;meals;reimbursement,authoritative
FAQ-0037,attendance,HR-ATTEND-2026,Core Hours,What are core collaboration hours (example 4)?,"For standard flexible schedules, core collaboration hours are 11:00 to 16:00 local time unless the role uses shifts or another documented schedule. This row is a controlled FAQ variant for retrieval testing; governing policy remains HR-ATTEND-2026.",India,2026-08-15,hours;availability;core hours,authoritative
FAQ-0038,security,HR-SEC-2026,Lost Device,What should I do if my company laptop is stolen (example 4)?,Report the loss immediately to the service desk and Information Security so access can be secured and incident procedures can begin. This row is a controlled FAQ variant for retrieval testing; governing policy remains HR-SEC-2026.,Global,2026-05-10,laptop;lost device;security incident,authoritative
FAQ-0039,performance,HR-PERF-2026,Review Cycle,How often are formal performance reviews conducted (example 4)?,"Formal performance reviews are conducted twice per year, with goal check-ins expected at least quarterly. This row is a controlled FAQ variant for retrieval testing; governing policy remains HR-PERF-2026.",Global,2026-04-01,performance;review;goals,authoritative
FAQ-0040,expenses,HR-TRAVEL-2026,Receipts,When are receipts required (example 4)?,Itemized receipts are required for individual expenses above INR 500 and for any category where Finance specifically requires evidence. This row is a controlled FAQ variant for retrieval testing; governing policy remains HR-TRAVEL-2026.,India,2026-06-01,receipt;expense;finance,authoritative
FAQ-0041,leave,HR-LEAVE-2026,Annual Leave,How many annual leave days do employees receive (example 5)?,Regular full-time employees receive 24 days of paid annual leave per calendar year. This row is a controlled FAQ variant for retrieval testing; governing policy remains HR-LEAVE-2026.,India,2026-07-01,annual leave;paid leave;entitlement,authoritative
FAQ-0042,leave,HR-LEAVE-2026,Carry Forward,How much annual leave can I carry forward (example 5)?,Up to 10 unused annual-leave days may be carried forward and should normally be used by 31 March. This row is a controlled FAQ variant for retrieval testing; governing policy remains HR-LEAVE-2026.,India,2026-07-01,carry forward;expiry;31 March,authoritative
FAQ-0043,benefits,HR-BEN-2026,Medical Insurance,What is the standard medical insurance cover (example 5)?,"The standard family floater sum insured is INR 5,00,000 for the employee, spouse or registered partner, and up to two dependent children, subject to insurer terms. This row is a controlled FAQ variant for retrieval testing; governing policy remains HR-BEN-2026.",India,2026-04-01,insurance;medical;family floater,authoritative
FAQ-0044,remote-work,HR-REMOTE-2026,Hybrid Schedule,How many days can I work remotely (example 5)?,"The standard hybrid model allows up to two remote days per workweek, unless the business unit has another approved pattern. This row is a controlled FAQ variant for retrieval testing; governing policy remains HR-REMOTE-2026.",India,2026-08-15,remote;hybrid;office days,authoritative
FAQ-0045,conduct,HR-CONDUCT-2026,Retaliation,Is retaliation allowed after an employee reports misconduct (example 5)?,No. Retaliation against a person who raises a concern or participates in an investigation is prohibited. This row is a controlled FAQ variant for retrieval testing; governing policy remains HR-CONDUCT-2026.,Global,2026-09-01,retaliation;speak up;investigation,authoritative
FAQ-0046,travel,HR-TRAVEL-2026,Meals,What is the meal reimbursement limit for domestic business travel (example 5)?,"Employees may claim actual meal expenses up to INR 2,000 per day during approved domestic overnight business travel, with itemized receipts where available. This row is a controlled FAQ variant for retrieval testing; governing policy remains HR-TRAVEL-2026.",India,2026-06-01,travel;meals;reimbursement,authoritative
FAQ-0047,attendance,HR-ATTEND-2026,Core Hours,What are core collaboration hours (example 5)?,"For standard flexible schedules, core collaboration hours are 11:00 to 16:00 local time unless the role uses shifts or another documented schedule. This row is a controlled FAQ variant for retrieval testing; governing policy remains HR-ATTEND-2026.",India,2026-08-15,hours;availability;core hours,authoritative
FAQ-0048,security,HR-SEC-2026,Lost Device,What should I do if my company laptop is stolen (example 5)?,Report the loss immediately to the service desk and Information Security so access can be secured and incident procedures can begin. This row is a controlled FAQ variant for retrieval testing; governing policy remains HR-SEC-2026.,Global,2026-05-10,laptop;lost device;security incident,authoritative
FAQ-0049,performance,HR-PERF-2026,Review Cycle,How often are formal performance reviews conducted (example 5)?,"Formal performance reviews are conducted twice per year, with goal check-ins expected at least quarterly. This row is a controlled FAQ variant for retrieval testing; governing policy remains HR-PERF-2026.",Global,2026-04-01,performance;review;goals,authoritative
FAQ-0050,expenses,HR-TRAVEL-2026,Receipts,When are receipts required (example 5)?,Itemized receipts are required for individual expenses above INR 500 and for any category where Finance specifically requires evidence. This row is a controlled FAQ variant for retrieval testing; governing policy remains HR-TRAVEL-2026.,India,2026-06-01,receipt;expense;finance,authoritative
FAQ-0051,leave,HR-LEAVE-2026,Annual Leave,How many annual leave days do employees receive (example 6)?,Regular full-time employees receive 24 days of paid annual leave per calendar year. This row is a controlled FAQ variant for retrieval testing; governing policy remains HR-LEAVE-2026.,India,2026-07-01,annual leave;paid leave;entitlement,authoritative
FAQ-0052,leave,HR-LEAVE-2026,Carry Forward,How much annual leave can I carry forward (example 6)?,Up to 10 unused annual-leave days may be carried forward and should normally be used by 31 March. This row is a controlled FAQ variant for retrieval testing; governing policy remains HR-LEAVE-2026.,India,2026-07-01,carry forward;expiry;31 March,authoritative
FAQ-0053,benefits,HR-BEN-2026,Medical Insurance,What is the standard medical insurance cover (example 6)?,"The standard family floater sum insured is INR 5,00,000 for the employee, spouse or registered partner, and up to two dependent children, subject to insurer terms. This row is a controlled FAQ variant for retrieval testing; governing policy remains HR-BEN-2026.",India,2026-04-01,insurance;medical;family floater,authoritative
FAQ-0054,remote-work,HR-REMOTE-2026,Hybrid Schedule,How many days can I work remotely (example 6)?,"The standard hybrid model allows up to two remote days per workweek, unless the business unit has another approved pattern. This row is a controlled FAQ variant for retrieval testing; governing policy remains HR-REMOTE-2026.",India,2026-08-15,remote;hybrid;office days,authoritative
FAQ-0055,conduct,HR-CONDUCT-2026,Retaliation,Is retaliation allowed after an employee reports misconduct (example 6)?,No. Retaliation against a person who raises a concern or participates in an investigation is prohibited. This row is a controlled FAQ variant for retrieval testing; governing policy remains HR-CONDUCT-2026.,Global,2026-09-01,retaliation;speak up;investigation,authoritative
FAQ-0056,travel,HR-TRAVEL-2026,Meals,What is the meal reimbursement limit for domestic business travel (example 6)?,"Employees may claim actual meal expenses up to INR 2,000 per day during approved domestic overnight business travel, with itemized receipts where available. This row is a controlled FAQ variant for retrieval testing; governing policy remains HR-TRAVEL-2026.",India,2026-06-01,travel;meals;reimbursement,authoritative
FAQ-0057,attendance,HR-ATTEND-2026,Core Hours,What are core collaboration hours (example 6)?,"For standard flexible schedules, core collaboration hours are 11:00 to 16:00 local time unless the role uses shifts or another documented schedule. This row is a controlled FAQ variant for retrieval testing; governing policy remains HR-ATTEND-2026.",India,2026-08-15,hours;availability;core hours,authoritative
FAQ-0058,security,HR-SEC-2026,Lost Device,What should I do if my company laptop is stolen (example 6)?,Report the loss immediately to the service desk and Information Security so access can be secured and incident procedures can begin. This row is a controlled FAQ variant for retrieval testing; governing policy remains HR-SEC-2026.,Global,2026-05-10,laptop;lost device;security incident,authoritative
FAQ-0059,performance,HR-PERF-2026,Review Cycle,How often are formal performance reviews conducted (example 6)?,"Formal performance reviews are conducted twice per year, with goal check-ins expected at least quarterly. This row is a controlled FAQ variant for retrieval testing; governing policy remains HR-PERF-2026.",Global,2026-04-01,performance;review;goals,authoritative
FAQ-0060,expenses,HR-TRAVEL-2026,Receipts,When are receipts required (example 6)?,Itemized receipts are required for individual expenses above INR 500 and for any category where Finance specifically requires evidence. This row is a controlled FAQ variant for retrieval testing; governing policy remains HR-TRAVEL-2026.,India,2026-06-01,receipt;expense;finance,authoritative
FAQ-0061,leave,HR-LEAVE-2026,Annual Leave,How many annual leave days do employees receive (example 7)?,Regular full-time employees receive 24 days of paid annual leave per calendar year. This row is a controlled FAQ variant for retrieval testing; governing policy remains HR-LEAVE-2026.,India,2026-07-01,annual leave;paid leave;entitlement,authoritative
FAQ-0062,leave,HR-LEAVE-2026,Carry Forward,How much annual leave can I carry forward (example 7)?,Up to 10 unused annual-leave days may be carried forward and should normally be used by 31 March. This row is a controlled FAQ variant for retrieval testing; governing policy remains HR-LEAVE-2026.,India,2026-07-01,carry forward;expiry;31 March,authoritative
FAQ-0063,benefits,HR-BEN-2026,Medical Insurance,What is the standard medical insurance cover (example 7)?,"The standard family floater sum insured is INR 5,00,000 for the employee, spouse or registered partner, and up to two dependent children, subject to insurer terms. This row is a controlled FAQ variant for retrieval testing; governing policy remains HR-BEN-2026.",India,2026-04-01,insurance;medical;family floater,authoritative
FAQ-0064,remote-work,HR-REMOTE-2026,Hybrid Schedule,How many days can I work remotely (example 7)?,"The standard hybrid model allows up to two remote days per workweek, unless the business unit has another approved pattern. This row is a controlled FAQ variant for retrieval testing; governing policy remains HR-REMOTE-2026.",India,2026-08-15,remote;hybrid;office days,authoritative
FAQ-0065,conduct,HR-CONDUCT-2026,Retaliation,Is retaliation allowed after an employee reports misconduct (example 7)?,No. Retaliation against a person who raises a concern or participates in an investigation is prohibited. This row is a controlled FAQ variant for retrieval testing; governing policy remains HR-CONDUCT-2026.,Global,2026-09-01,retaliation;speak up;investigation,authoritative
FAQ-0066,travel,HR-TRAVEL-2026,Meals,What is the meal reimbursement limit for domestic business travel (example 7)?,"Employees may claim actual meal expenses up to INR 2,000 per day during approved domestic overnight business travel, with itemized receipts where available. This row is a controlled FAQ variant for retrieval testing; governing policy remains HR-TRAVEL-2026.",India,2026-06-01,travel;meals;reimbursement,authoritative
FAQ-0067,attendance,HR-ATTEND-2026,Core Hours,What are core collaboration hours (example 7)?,"For standard flexible schedules, core collaboration hours are 11:00 to 16:00 local time unless the role uses shifts or another documented schedule. This row is a controlled FAQ variant for retrieval testing; governing policy remains HR-ATTEND-2026.",India,2026-08-15,hours;availability;core hours,authoritative
FAQ-0068,security,HR-SEC-2026,Lost Device,What should I do if my company laptop is stolen (example 7)?,Report the loss immediately to the service desk and Information Security so access can be secured and incident procedures can begin. This row is a controlled FAQ variant for retrieval testing; governing policy remains HR-SEC-2026.,Global,2026-05-10,laptop;lost device;security incident,authoritative
FAQ-0069,performance,HR-PERF-2026,Review Cycle,How often are formal performance reviews conducted (example 7)?,"Formal performance reviews are conducted twice per year, with goal check-ins expected at least quarterly. This row is a controlled FAQ variant for retrieval testing; governing policy remains HR-PERF-2026.",Global,2026-04-01,performance;review;goals,authoritative
FAQ-0070,expenses,HR-TRAVEL-2026,Receipts,When are receipts required (example 7)?,Itemized receipts are required for individual expenses above INR 500 and for any category where Finance specifically requires evidence. This row is a controlled FAQ variant for retrieval testing; governing policy remains HR-TRAVEL-2026.,India,2026-06-01,receipt;expense;finance,authoritative
FAQ-0071,leave,HR-LEAVE-2026,Annual Leave,How many annual leave days do employees receive (example 8)?,Regular full-time employees receive 24 days of paid annual leave per calendar year. This row is a controlled FAQ variant for retrieval testing; governing policy remains HR-LEAVE-2026.,India,2026-07-01,annual leave;paid leave;entitlement,authoritative
FAQ-0072,leave,HR-LEAVE-2026,Carry Forward,How much annual leave can I carry forward (example 8)?,Up to 10 unused annual-leave days may be carried forward and should normally be used by 31 March. This row is a controlled FAQ variant for retrieval testing; governing policy remains HR-LEAVE-2026.,India,2026-07-01,carry forward;expiry;31 March,authoritative
FAQ-0073,benefits,HR-BEN-2026,Medical Insurance,What is the standard medical insurance cover (example 8)?,"The standard family floater sum insured is INR 5,00,000 for the employee, spouse or registered partner, and up to two dependent children, subject to insurer terms. This row is a controlled FAQ variant for retrieval testing; governing policy remains HR-BEN-2026.",India,2026-04-01,insurance;medical;family floater,authoritative
FAQ-0074,remote-work,HR-REMOTE-2026,Hybrid Schedule,How many days can I work remotely (example 8)?,"The standard hybrid model allows up to two remote days per workweek, unless the business unit has another approved pattern. This row is a controlled FAQ variant for retrieval testing; governing policy remains HR-REMOTE-2026.",India,2026-08-15,remote;hybrid;office days,authoritative
FAQ-0075,conduct,HR-CONDUCT-2026,Retaliation,Is retaliation allowed after an employee reports misconduct (example 8)?,No. Retaliation against a person who raises a concern or participates in an investigation is prohibited. This row is a controlled FAQ variant for retrieval testing; governing policy remains HR-CONDUCT-2026.,Global,2026-09-01,retaliation;speak up;investigation,authoritative
FAQ-0076,travel,HR-TRAVEL-2026,Meals,What is the meal reimbursement limit for domestic business travel (example 8)?,"Employees may claim actual meal expenses up to INR 2,000 per day during approved domestic overnight business travel, with itemized receipts where available. This row is a controlled FAQ variant for retrieval testing; governing policy remains HR-TRAVEL-2026.",India,2026-06-01,travel;meals;reimbursement,authoritative
FAQ-0077,attendance,HR-ATTEND-2026,Core Hours,What are core collaboration hours (example 8)?,"For standard flexible schedules, core collaboration hours are 11:00 to 16:00 local time unless the role uses shifts or another documented schedule. This row is a controlled FAQ variant for retrieval testing; governing policy remains HR-ATTEND-2026.",India,2026-08-15,hours;availability;core hours,authoritative
FAQ-0078,security,HR-SEC-2026,Lost Device,What should I do if my company laptop is stolen (example 8)?,Report the loss immediately to the service desk and Information Security so access can be secured and incident procedures can begin. This row is a controlled FAQ variant for retrieval testing; governing policy remains HR-SEC-2026.,Global,2026-05-10,laptop;lost device;security incident,authoritative
FAQ-0079,performance,HR-PERF-2026,Review Cycle,How often are formal performance reviews conducted (example 8)?,"Formal performance reviews are conducted twice per year, with goal check-ins expected at least quarterly. This row is a controlled FAQ variant for retrieval testing; governing policy remains HR-PERF-2026.",Global,2026-04-01,performance;review;goals,authoritative
FAQ-0080,expenses,HR-TRAVEL-2026,Receipts,When are receipts required (example 8)?,Itemized receipts are required for individual expenses above INR 500 and for any category where Finance specifically requires evidence. This row is a controlled FAQ variant for retrieval testing; governing policy remains HR-TRAVEL-2026.,India,2026-06-01,receipt;expense;finance,authoritative
FAQ-0081,leave,HR-LEAVE-2026,Annual Leave,How many annual leave days do employees receive (example 9)?,Regular full-time employees receive 24 days of paid annual leave per calendar year. This row is a controlled FAQ variant for retrieval testing; governing policy remains HR-LEAVE-2026.,India,2026-07-01,annual leave;paid leave;entitlement,authoritative
FAQ-0082,leave,HR-LEAVE-2026,Carry Forward,How much annual leave can I carry forward (example 9)?,Up to 10 unused annual-leave days may be carried forward and should normally be used by 31 March. This row is a controlled FAQ variant for retrieval testing; governing policy remains HR-LEAVE-2026.,India,2026-07-01,carry forward;expiry;31 March,authoritative
FAQ-0083,benefits,HR-BEN-2026,Medical Insurance,What is the standard medical insurance cover (example 9)?,"The standard family floater sum insured is INR 5,00,000 for the employee, spouse or registered partner, and up to two dependent children, subject to insurer terms. This row is a controlled FAQ variant for retrieval testing; governing policy remains HR-BEN-2026.",India,2026-04-01,insurance;medical;family floater,authoritative
FAQ-0084,remote-work,HR-REMOTE-2026,Hybrid Schedule,How many days can I work remotely (example 9)?,"The standard hybrid model allows up to two remote days per workweek, unless the business unit has another approved pattern. This row is a controlled FAQ variant for retrieval testing; governing policy remains HR-REMOTE-2026.",India,2026-08-15,remote;hybrid;office days,authoritative
FAQ-0085,conduct,HR-CONDUCT-2026,Retaliation,Is retaliation allowed after an employee reports misconduct (example 9)?,No. Retaliation against a person who raises a concern or participates in an investigation is prohibited. This row is a controlled FAQ variant for retrieval testing; governing policy remains HR-CONDUCT-2026.,Global,2026-09-01,retaliation;speak up;investigation,authoritative
FAQ-0086,travel,HR-TRAVEL-2026,Meals,What is the meal reimbursement limit for domestic business travel (example 9)?,"Employees may claim actual meal expenses up to INR 2,000 per day during approved domestic overnight business travel, with itemized receipts where available. This row is a controlled FAQ variant for retrieval testing; governing policy remains HR-TRAVEL-2026.",India,2026-06-01,travel;meals;reimbursement,authoritative
FAQ-0087,attendance,HR-ATTEND-2026,Core Hours,What are core collaboration hours (example 9)?,"For standard flexible schedules, core collaboration hours are 11:00 to 16:00 local time unless the role uses shifts or another documented schedule. This row is a controlled FAQ variant for retrieval testing; governing policy remains HR-ATTEND-2026.",India,2026-08-15,hours;availability;core hours,authoritative
FAQ-0088,security,HR-SEC-2026,Lost Device,What should I do if my company laptop is stolen (example 9)?,Report the loss immediately to the service desk and Information Security so access can be secured and incident procedures can begin. This row is a controlled FAQ variant for retrieval testing; governing policy remains HR-SEC-2026.,Global,2026-05-10,laptop;lost device;security incident,authoritative
FAQ-0089,performance,HR-PERF-2026,Review Cycle,How often are formal performance reviews conducted (example 9)?,"Formal performance reviews are conducted twice per year, with goal check-ins expected at least quarterly. This row is a controlled FAQ variant for retrieval testing; governing policy remains HR-PERF-2026.",Global,2026-04-01,performance;review;goals,authoritative
FAQ-0090,expenses,HR-TRAVEL-2026,Receipts,When are receipts required (example 9)?,Itemized receipts are required for individual expenses above INR 500 and for any category where Finance specifically requires evidence. This row is a controlled FAQ variant for retrieval testing; governing policy remains HR-TRAVEL-2026.,India,2026-06-01,receipt;expense;finance,authoritative
FAQ-0091,leave,HR-LEAVE-2026,Annual Leave,How many annual leave days do employees receive (example 10)?,Regular full-time employees receive 24 days of paid annual leave per calendar year. This row is a controlled FAQ variant for retrieval testing; governing policy remains HR-LEAVE-2026.,India,2026-07-01,annual leave;paid leave;entitlement,authoritative
FAQ-0092,leave,HR-LEAVE-2026,Carry Forward,How much annual leave can I carry forward (example 10)?,Up to 10 unused annual-leave days may be carried forward and should normally be used by 31 March. This row is a controlled FAQ variant for retrieval testing; governing policy remains HR-LEAVE-2026.,India,2026-07-01,carry forward;expiry;31 March,authoritative
FAQ-0093,benefits,HR-BEN-2026,Medical Insurance,What is the standard medical insurance cover (example 10)?,"The standard family floater sum insured is INR 5,00,000 for the employee, spouse or registered partner, and up to two dependent children, subject to insurer terms. This row is a controlled FAQ variant for retrieval testing; governing policy remains HR-BEN-2026.",India,2026-04-01,insurance;medical;family floater,authoritative
FAQ-0094,remote-work,HR-REMOTE-2026,Hybrid Schedule,How many days can I work remotely (example 10)?,"The standard hybrid model allows up to two remote days per workweek, unless the business unit has another approved pattern. This row is a controlled FAQ variant for retrieval testing; governing policy remains HR-REMOTE-2026.",India,2026-08-15,remote;hybrid;office days,authoritative
FAQ-0095,conduct,HR-CONDUCT-2026,Retaliation,Is retaliation allowed after an employee reports misconduct (example 10)?,No. Retaliation against a person who raises a concern or participates in an investigation is prohibited. This row is a controlled FAQ variant for retrieval testing; governing policy remains HR-CONDUCT-2026.,Global,2026-09-01,retaliation;speak up;investigation,authoritative
FAQ-0096,travel,HR-TRAVEL-2026,Meals,What is the meal reimbursement limit for domestic business travel (example 10)?,"Employees may claim actual meal expenses up to INR 2,000 per day during approved domestic overnight business travel, with itemized receipts where available. This row is a controlled FAQ variant for retrieval testing; governing policy remains HR-TRAVEL-2026.",India,2026-06-01,travel;meals;reimbursement,authoritative
FAQ-0097,attendance,HR-ATTEND-2026,Core Hours,What are core collaboration hours (example 10)?,"For standard flexible schedules, core collaboration hours are 11:00 to 16:00 local time unless the role uses shifts or another documented schedule. This row is a controlled FAQ variant for retrieval testing; governing policy remains HR-ATTEND-2026.",India,2026-08-15,hours;availability;core hours,authoritative
FAQ-0098,security,HR-SEC-2026,Lost Device,What should I do if my company laptop is stolen (example 10)?,Report the loss immediately to the service desk and Information Security so access can be secured and incident procedures can begin. This row is a controlled FAQ variant for retrieval testing; governing policy remains HR-SEC-2026.,Global,2026-05-10,laptop;lost device;security incident,authoritative
FAQ-0099,performance,HR-PERF-2026,Review Cycle,How often are formal performance reviews conducted (example 10)?,"Formal performance reviews are conducted twice per year, with goal check-ins expected at least quarterly. This row is a controlled FAQ variant for retrieval testing; governing policy remains HR-PERF-2026.",Global,2026-04-01,performance;review;goals,authoritative
FAQ-0100,expenses,HR-TRAVEL-2026,Receipts,When are receipts required (example 10)?,Itemized receipts are required for individual expenses above INR 500 and for any category where Finance specifically requires evidence. This row is a controlled FAQ variant for retrieval testing; governing policy remains HR-TRAVEL-2026.,India,2026-06-01,receipt;expense;finance,authoritative
FAQ-0101,leave,HR-LEAVE-2026,Annual Leave,How many annual leave days do employees receive (example 11)?,Regular full-time employees receive 24 days of paid annual leave per calendar year. This row is a controlled FAQ variant for retrieval testing; governing policy remains HR-LEAVE-2026.,India,2026-07-01,annual leave;paid leave;entitlement,authoritative
FAQ-0102,leave,HR-LEAVE-2026,Carry Forward,How much annual leave can I carry forward (example 11)?,Up to 10 unused annual-leave days may be carried forward and should normally be used by 31 March. This row is a controlled FAQ variant for retrieval testing; governing policy remains HR-LEAVE-2026.,India,2026-07-01,carry forward;expiry;31 March,authoritative
FAQ-0103,benefits,HR-BEN-2026,Medical Insurance,What is the standard medical insurance cover (example 11)?,"The standard family floater sum insured is INR 5,00,000 for the employee, spouse or registered partner, and up to two dependent children, subject to insurer terms. This row is a controlled FAQ variant for retrieval testing; governing policy remains HR-BEN-2026.",India,2026-04-01,insurance;medical;family floater,authoritative
FAQ-0104,remote-work,HR-REMOTE-2026,Hybrid Schedule,How many days can I work remotely (example 11)?,"The standard hybrid model allows up to two remote days per workweek, unless the business unit has another approved pattern. This row is a controlled FAQ variant for retrieval testing; governing policy remains HR-REMOTE-2026.",India,2026-08-15,remote;hybrid;office days,authoritative
FAQ-0105,conduct,HR-CONDUCT-2026,Retaliation,Is retaliation allowed after an employee reports misconduct (example 11)?,No. Retaliation against a person who raises a concern or participates in an investigation is prohibited. This row is a controlled FAQ variant for retrieval testing; governing policy remains HR-CONDUCT-2026.,Global,2026-09-01,retaliation;speak up;investigation,authoritative
FAQ-0106,travel,HR-TRAVEL-2026,Meals,What is the meal reimbursement limit for domestic business travel (example 11)?,"Employees may claim actual meal expenses up to INR 2,000 per day during approved domestic overnight business travel, with itemized receipts where available. This row is a controlled FAQ variant for retrieval testing; governing policy remains HR-TRAVEL-2026.",India,2026-06-01,travel;meals;reimbursement,authoritative
FAQ-0107,attendance,HR-ATTEND-2026,Core Hours,What are core collaboration hours (example 11)?,"For standard flexible schedules, core collaboration hours are 11:00 to 16:00 local time unless the role uses shifts or another documented schedule. This row is a controlled FAQ variant for retrieval testing; governing policy remains HR-ATTEND-2026.",India,2026-08-15,hours;availability;core hours,authoritative
FAQ-0108,security,HR-SEC-2026,Lost Device,What should I do if my company laptop is stolen (example 11)?,Report the loss immediately to the service desk and Information Security so access can be secured and incident procedures can begin. This row is a controlled FAQ variant for retrieval testing; governing policy remains HR-SEC-2026.,Global,2026-05-10,laptop;lost device;security incident,authoritative
FAQ-0109,performance,HR-PERF-2026,Review Cycle,How often are formal performance reviews conducted (example 11)?,"Formal performance reviews are conducted twice per year, with goal check-ins expected at least quarterly. This row is a controlled FAQ variant for retrieval testing; governing policy remains HR-PERF-2026.",Global,2026-04-01,performance;review;goals,authoritative
FAQ-0110,expenses,HR-TRAVEL-2026,Receipts,When are receipts required (example 11)?,Itemized receipts are required for individual expenses above INR 500 and for any category where Finance specifically requires evidence. This row is a controlled FAQ variant for retrieval testing; governing policy remains HR-TRAVEL-2026.,India,2026-06-01,receipt;expense;finance,authoritative
FAQ-0111,leave,HR-LEAVE-2026,Annual Leave,How many annual leave days do employees receive (example 12)?,Regular full-time employees receive 24 days of paid annual leave per calendar year. This row is a controlled FAQ variant for retrieval testing; governing policy remains HR-LEAVE-2026.,India,2026-07-01,annual leave;paid leave;entitlement,authoritative
FAQ-0112,leave,HR-LEAVE-2026,Carry Forward,How much annual leave can I carry forward (example 12)?,Up to 10 unused annual-leave days may be carried forward and should normally be used by 31 March. This row is a controlled FAQ variant for retrieval testing; governing policy remains HR-LEAVE-2026.,India,2026-07-01,carry forward;expiry;31 March,authoritative
FAQ-0113,benefits,HR-BEN-2026,Medical Insurance,What is the standard medical insurance cover (example 12)?,"The standard family floater sum insured is INR 5,00,000 for the employee, spouse or registered partner, and up to two dependent children, subject to insurer terms. This row is a controlled FAQ variant for retrieval testing; governing policy remains HR-BEN-2026.",India,2026-04-01,insurance;medical;family floater,authoritative
FAQ-0114,remote-work,HR-REMOTE-2026,Hybrid Schedule,How many days can I work remotely (example 12)?,"The standard hybrid model allows up to two remote days per workweek, unless the business unit has another approved pattern. This row is a controlled FAQ variant for retrieval testing; governing policy remains HR-REMOTE-2026.",India,2026-08-15,remote;hybrid;office days,authoritative
FAQ-0115,conduct,HR-CONDUCT-2026,Retaliation,Is retaliation allowed after an employee reports misconduct (example 12)?,No. Retaliation against a person who raises a concern or participates in an investigation is prohibited. This row is a controlled FAQ variant for retrieval testing; governing policy remains HR-CONDUCT-2026.,Global,2026-09-01,retaliation;speak up;investigation,authoritative
FAQ-0116,travel,HR-TRAVEL-2026,Meals,What is the meal reimbursement limit for domestic business travel (example 12)?,"Employees may claim actual meal expenses up to INR 2,000 per day during approved domestic overnight business travel, with itemized receipts where available. This row is a controlled FAQ variant for retrieval testing; governing policy remains HR-TRAVEL-2026.",India,2026-06-01,travel;meals;reimbursement,authoritative
FAQ-0117,attendance,HR-ATTEND-2026,Core Hours,What are core collaboration hours (example 12)?,"For standard flexible schedules, core collaboration hours are 11:00 to 16:00 local time unless the role uses shifts or another documented schedule. This row is a controlled FAQ variant for retrieval testing; governing policy remains HR-ATTEND-2026.",India,2026-08-15,hours;availability;core hours,authoritative
FAQ-0118,security,HR-SEC-2026,Lost Device,What should I do if my company laptop is stolen (example 12)?,Report the loss immediately to the service desk and Information Security so access can be secured and incident procedures can begin. This row is a controlled FAQ variant for retrieval testing; governing policy remains HR-SEC-2026.,Global,2026-05-10,laptop;lost device;security incident,authoritative
FAQ-0119,performance,HR-PERF-2026,Review Cycle,How often are formal performance reviews conducted (example 12)?,"Formal performance reviews are conducted twice per year, with goal check-ins expected at least quarterly. This row is a controlled FAQ variant for retrieval testing; governing policy remains HR-PERF-2026.",Global,2026-04-01,performance;review;goals,authoritative
FAQ-0120,expenses,HR-TRAVEL-2026,Receipts,When are receipts required (example 12)?,Itemized receipts are required for individual expenses above INR 500 and for any category where Finance specifically requires evidence. This row is a controlled FAQ variant for retrieval testing; governing policy remains HR-TRAVEL-2026.,India,2026-06-01,receipt;expense;finance,authoritative
FAQ-0121,leave,HR-LEAVE-2026,Annual Leave,How many annual leave days do employees receive (example 13)?,Regular full-time employees receive 24 days of paid annual leave per calendar year. This row is a controlled FAQ variant for retrieval testing; governing policy remains HR-LEAVE-2026.,India,2026-07-01,annual leave;paid leave;entitlement,authoritative
FAQ-0122,leave,HR-LEAVE-2026,Carry Forward,How much annual leave can I carry forward (example 13)?,Up to 10 unused annual-leave days may be carried forward and should normally be used by 31 March. This row is a controlled FAQ variant for retrieval testing; governing policy remains HR-LEAVE-2026.,India,2026-07-01,carry forward;expiry;31 March,authoritative
FAQ-0123,benefits,HR-BEN-2026,Medical Insurance,What is the standard medical insurance cover (example 13)?,"The standard family floater sum insured is INR 5,00,000 for the employee, spouse or registered partner, and up to two dependent children, subject to insurer terms. This row is a controlled FAQ variant for retrieval testing; governing policy remains HR-BEN-2026.",India,2026-04-01,insurance;medical;family floater,authoritative
FAQ-0124,remote-work,HR-REMOTE-2026,Hybrid Schedule,How many days can I work remotely (example 13)?,"The standard hybrid model allows up to two remote days per workweek, unless the business unit has another approved pattern. This row is a controlled FAQ variant for retrieval testing; governing policy remains HR-REMOTE-2026.",India,2026-08-15,remote;hybrid;office days,authoritative
FAQ-0125,conduct,HR-CONDUCT-2026,Retaliation,Is retaliation allowed after an employee reports misconduct (example 13)?,No. Retaliation against a person who raises a concern or participates in an investigation is prohibited. This row is a controlled FAQ variant for retrieval testing; governing policy remains HR-CONDUCT-2026.,Global,2026-09-01,retaliation;speak up;investigation,authoritative
FAQ-0126,travel,HR-TRAVEL-2026,Meals,What is the meal reimbursement limit for domestic business travel (example 13)?,"Employees may claim actual meal expenses up to INR 2,000 per day during approved domestic overnight business travel, with itemized receipts where available. This row is a controlled FAQ variant for retrieval testing; governing policy remains HR-TRAVEL-2026.",India,2026-06-01,travel;meals;reimbursement,authoritative
FAQ-0127,attendance,HR-ATTEND-2026,Core Hours,What are core collaboration hours (example 13)?,"For standard flexible schedules, core collaboration hours are 11:00 to 16:00 local time unless the role uses shifts or another documented schedule. This row is a controlled FAQ variant for retrieval testing; governing policy remains HR-ATTEND-2026.",India,2026-08-15,hours;availability;core hours,authoritative
FAQ-0128,security,HR-SEC-2026,Lost Device,What should I do if my company laptop is stolen (example 13)?,Report the loss immediately to the service desk and Information Security so access can be secured and incident procedures can begin. This row is a controlled FAQ variant for retrieval testing; governing policy remains HR-SEC-2026.,Global,2026-05-10,laptop;lost device;security incident,authoritative
FAQ-0129,performance,HR-PERF-2026,Review Cycle,How often are formal performance reviews conducted (example 13)?,"Formal performance reviews are conducted twice per year, with goal check-ins expected at least quarterly. This row is a controlled FAQ variant for retrieval testing; governing policy remains HR-PERF-2026.",Global,2026-04-01,performance;review;goals,authoritative
FAQ-0130,expenses,HR-TRAVEL-2026,Receipts,When are receipts required (example 13)?,Itemized receipts are required for individual expenses above INR 500 and for any category where Finance specifically requires evidence. This row is a controlled FAQ variant for retrieval testing; governing policy remains HR-TRAVEL-2026.,India,2026-06-01,receipt;expense;finance,authoritative
FAQ-0131,leave,HR-LEAVE-2026,Annual Leave,How many annual leave days do employees receive (example 14)?,Regular full-time employees receive 24 days of paid annual leave per calendar year. This row is a controlled FAQ variant for retrieval testing; governing policy remains HR-LEAVE-2026.,India,2026-07-01,annual leave;paid leave;entitlement,authoritative
FAQ-0132,leave,HR-LEAVE-2026,Carry Forward,How much annual leave can I carry forward (example 14)?,Up to 10 unused annual-leave days may be carried forward and should normally be used by 31 March. This row is a controlled FAQ variant for retrieval testing; governing policy remains HR-LEAVE-2026.,India,2026-07-01,carry forward;expiry;31 March,authoritative
FAQ-0133,benefits,HR-BEN-2026,Medical Insurance,What is the standard medical insurance cover (example 14)?,"The standard family floater sum insured is INR 5,00,000 for the employee, spouse or registered partner, and up to two dependent children, subject to insurer terms. This row is a controlled FAQ variant for retrieval testing; governing policy remains HR-BEN-2026.",India,2026-04-01,insurance;medical;family floater,authoritative
FAQ-0134,remote-work,HR-REMOTE-2026,Hybrid Schedule,How many days can I work remotely (example 14)?,"The standard hybrid model allows up to two remote days per workweek, unless the business unit has another approved pattern. This row is a controlled FAQ variant for retrieval testing; governing policy remains HR-REMOTE-2026.",India,2026-08-15,remote;hybrid;office days,authoritative
FAQ-0135,conduct,HR-CONDUCT-2026,Retaliation,Is retaliation allowed after an employee reports misconduct (example 14)?,No. Retaliation against a person who raises a concern or participates in an investigation is prohibited. This row is a controlled FAQ variant for retrieval testing; governing policy remains HR-CONDUCT-2026.,Global,2026-09-01,retaliation;speak up;investigation,authoritative
FAQ-0136,travel,HR-TRAVEL-2026,Meals,What is the meal reimbursement limit for domestic business travel (example 14)?,"Employees may claim actual meal expenses up to INR 2,000 per day during approved domestic overnight business travel, with itemized receipts where available. This row is a controlled FAQ variant for retrieval testing; governing policy remains HR-TRAVEL-2026.",India,2026-06-01,travel;meals;reimbursement,authoritative
FAQ-0137,attendance,HR-ATTEND-2026,Core Hours,What are core collaboration hours (example 14)?,"For standard flexible schedules, core collaboration hours are 11:00 to 16:00 local time unless the role uses shifts or another documented schedule. This row is a controlled FAQ variant for retrieval testing; governing policy remains HR-ATTEND-2026.",India,2026-08-15,hours;availability;core hours,authoritative
FAQ-0138,security,HR-SEC-2026,Lost Device,What should I do if my company laptop is stolen (example 14)?,Report the loss immediately to the service desk and Information Security so access can be secured and incident procedures can begin. This row is a controlled FAQ variant for retrieval testing; governing policy remains HR-SEC-2026.,Global,2026-05-10,laptop;lost device;security incident,authoritative
FAQ-0139,performance,HR-PERF-2026,Review Cycle,How often are formal performance reviews conducted (example 14)?,"Formal performance reviews are conducted twice per year, with goal check-ins expected at least quarterly. This row is a controlled FAQ variant for retrieval testing; governing policy remains HR-PERF-2026.",Global,2026-04-01,performance;review;goals,authoritative
FAQ-0140,expenses,HR-TRAVEL-2026,Receipts,When are receipts required (example 14)?,Itemized receipts are required for individual expenses above INR 500 and for any category where Finance specifically requires evidence. This row is a controlled FAQ variant for retrieval testing; governing policy remains HR-TRAVEL-2026.,India,2026-06-01,receipt;expense;finance,authoritative
FAQ-0141,leave,HR-LEAVE-2026,Annual Leave,How many annual leave days do employees receive (example 15)?,Regular full-time employees receive 24 days of paid annual leave per calendar year. This row is a controlled FAQ variant for retrieval testing; governing policy remains HR-LEAVE-2026.,India,2026-07-01,annual leave;paid leave;entitlement,authoritative
FAQ-0142,leave,HR-LEAVE-2026,Carry Forward,How much annual leave can I carry forward (example 15)?,Up to 10 unused annual-leave days may be carried forward and should normally be used by 31 March. This row is a controlled FAQ variant for retrieval testing; governing policy remains HR-LEAVE-2026.,India,2026-07-01,carry forward;expiry;31 March,authoritative
FAQ-0143,benefits,HR-BEN-2026,Medical Insurance,What is the standard medical insurance cover (example 15)?,"The standard family floater sum insured is INR 5,00,000 for the employee, spouse or registered partner, and up to two dependent children, subject to insurer terms. This row is a controlled FAQ variant for retrieval testing; governing policy remains HR-BEN-2026.",India,2026-04-01,insurance;medical;family floater,authoritative
FAQ-0144,remote-work,HR-REMOTE-2026,Hybrid Schedule,How many days can I work remotely (example 15)?,"The standard hybrid model allows up to two remote days per workweek, unless the business unit has another approved pattern. This row is a controlled FAQ variant for retrieval testing; governing policy remains HR-REMOTE-2026.",India,2026-08-15,remote;hybrid;office days,authoritative
FAQ-0145,conduct,HR-CONDUCT-2026,Retaliation,Is retaliation allowed after an employee reports misconduct (example 15)?,No. Retaliation against a person who raises a concern or participates in an investigation is prohibited. This row is a controlled FAQ variant for retrieval testing; governing policy remains HR-CONDUCT-2026.,Global,2026-09-01,retaliation;speak up;investigation,authoritative
FAQ-0146,travel,HR-TRAVEL-2026,Meals,What is the meal reimbursement limit for domestic business travel (example 15)?,"Employees may claim actual meal expenses up to INR 2,000 per day during approved domestic overnight business travel, with itemized receipts where available. This row is a controlled FAQ variant for retrieval testing; governing policy remains HR-TRAVEL-2026.",India,2026-06-01,travel;meals;reimbursement,authoritative
FAQ-0147,attendance,HR-ATTEND-2026,Core Hours,What are core collaboration hours (example 15)?,"For standard flexible schedules, core collaboration hours are 11:00 to 16:00 local time unless the role uses shifts or another documented schedule. This row is a controlled FAQ variant for retrieval testing; governing policy remains HR-ATTEND-2026.",India,2026-08-15,hours;availability;core hours,authoritative
FAQ-0148,security,HR-SEC-2026,Lost Device,What should I do if my company laptop is stolen (example 15)?,Report the loss immediately to the service desk and Information Security so access can be secured and incident procedures can begin. This row is a controlled FAQ variant for retrieval testing; governing policy remains HR-SEC-2026.,Global,2026-05-10,laptop;lost device;security incident,authoritative
FAQ-0149,performance,HR-PERF-2026,Review Cycle,How often are formal performance reviews conducted (example 15)?,"Formal performance reviews are conducted twice per year, with goal check-ins expected at least quarterly. This row is a controlled FAQ variant for retrieval testing; governing policy remains HR-PERF-2026.",Global,2026-04-01,performance;review;goals,authoritative
FAQ-0150,expenses,HR-TRAVEL-2026,Receipts,When are receipts required (example 15)?,Itemized receipts are required for individual expenses above INR 500 and for any category where Finance specifically requires evidence. This row is a controlled FAQ variant for retrieval testing; governing policy remains HR-TRAVEL-2026.,India,2026-06-01,receipt;expense;finance,authoritative
FAQ-0151,leave,HR-LEAVE-2026,Annual Leave,How many annual leave days do employees receive (example 16)?,Regular full-time employees receive 24 days of paid annual leave per calendar year. This row is a controlled FAQ variant for retrieval testing; governing policy remains HR-LEAVE-2026.,India,2026-07-01,annual leave;paid leave;entitlement,authoritative
FAQ-0152,leave,HR-LEAVE-2026,Carry Forward,How much annual leave can I carry forward (example 16)?,Up to 10 unused annual-leave days may be carried forward and should normally be used by 31 March. This row is a controlled FAQ variant for retrieval testing; governing policy remains HR-LEAVE-2026.,India,2026-07-01,carry forward;expiry;31 March,authoritative
FAQ-0153,benefits,HR-BEN-2026,Medical Insurance,What is the standard medical insurance cover (example 16)?,"The standard family floater sum insured is INR 5,00,000 for the employee, spouse or registered partner, and up to two dependent children, subject to insurer terms. This row is a controlled FAQ variant for retrieval testing; governing policy remains HR-BEN-2026.",India,2026-04-01,insurance;medical;family floater,authoritative
FAQ-0154,remote-work,HR-REMOTE-2026,Hybrid Schedule,How many days can I work remotely (example 16)?,"The standard hybrid model allows up to two remote days per workweek, unless the business unit has another approved pattern. This row is a controlled FAQ variant for retrieval testing; governing policy remains HR-REMOTE-2026.",India,2026-08-15,remote;hybrid;office days,authoritative
FAQ-0155,conduct,HR-CONDUCT-2026,Retaliation,Is retaliation allowed after an employee reports misconduct (example 16)?,No. Retaliation against a person who raises a concern or participates in an investigation is prohibited. This row is a controlled FAQ variant for retrieval testing; governing policy remains HR-CONDUCT-2026.,Global,2026-09-01,retaliation;speak up;investigation,authoritative
FAQ-0156,travel,HR-TRAVEL-2026,Meals,What is the meal reimbursement limit for domestic business travel (example 16)?,"Employees may claim actual meal expenses up to INR 2,000 per day during approved domestic overnight business travel, with itemized receipts where available. This row is a controlled FAQ variant for retrieval testing; governing policy remains HR-TRAVEL-2026.",India,2026-06-01,travel;meals;reimbursement,authoritative
FAQ-0157,attendance,HR-ATTEND-2026,Core Hours,What are core collaboration hours (example 16)?,"For standard flexible schedules, core collaboration hours are 11:00 to 16:00 local time unless the role uses shifts or another documented schedule. This row is a controlled FAQ variant for retrieval testing; governing policy remains HR-ATTEND-2026.",India,2026-08-15,hours;availability;core hours,authoritative
FAQ-0158,security,HR-SEC-2026,Lost Device,What should I do if my company laptop is stolen (example 16)?,Report the loss immediately to the service desk and Information Security so access can be secured and incident procedures can begin. This row is a controlled FAQ variant for retrieval testing; governing policy remains HR-SEC-2026.,Global,2026-05-10,laptop;lost device;security incident,authoritative
FAQ-0159,performance,HR-PERF-2026,Review Cycle,How often are formal performance reviews conducted (example 16)?,"Formal performance reviews are conducted twice per year, with goal check-ins expected at least quarterly. This row is a controlled FAQ variant for retrieval testing; governing policy remains HR-PERF-2026.",Global,2026-04-01,performance;review;goals,authoritative
FAQ-0160,expenses,HR-TRAVEL-2026,Receipts,When are receipts required (example 16)?,Itemized receipts are required for individual expenses above INR 500 and for any category where Finance specifically requires evidence. This row is a controlled FAQ variant for retrieval testing; governing policy remains HR-TRAVEL-2026.,India,2026-06-01,receipt;expense;finance,authoritative
FAQ-0161,leave,HR-LEAVE-2026,Annual Leave,How many annual leave days do employees receive (example 17)?,Regular full-time employees receive 24 days of paid annual leave per calendar year. This row is a controlled FAQ variant for retrieval testing; governing policy remains HR-LEAVE-2026.,India,2026-07-01,annual leave;paid leave;entitlement,authoritative
FAQ-0162,leave,HR-LEAVE-2026,Carry Forward,How much annual leave can I carry forward (example 17)?,Up to 10 unused annual-leave days may be carried forward and should normally be used by 31 March. This row is a controlled FAQ variant for retrieval testing; governing policy remains HR-LEAVE-2026.,India,2026-07-01,carry forward;expiry;31 March,authoritative
FAQ-0163,benefits,HR-BEN-2026,Medical Insurance,What is the standard medical insurance cover (example 17)?,"The standard family floater sum insured is INR 5,00,000 for the employee, spouse or registered partner, and up to two dependent children, subject to insurer terms. This row is a controlled FAQ variant for retrieval testing; governing policy remains HR-BEN-2026.",India,2026-04-01,insurance;medical;family floater,authoritative
FAQ-0164,remote-work,HR-REMOTE-2026,Hybrid Schedule,How many days can I work remotely (example 17)?,"The standard hybrid model allows up to two remote days per workweek, unless the business unit has another approved pattern. This row is a controlled FAQ variant for retrieval testing; governing policy remains HR-REMOTE-2026.",India,2026-08-15,remote;hybrid;office days,authoritative
FAQ-0165,conduct,HR-CONDUCT-2026,Retaliation,Is retaliation allowed after an employee reports misconduct (example 17)?,No. Retaliation against a person who raises a concern or participates in an investigation is prohibited. This row is a controlled FAQ variant for retrieval testing; governing policy remains HR-CONDUCT-2026.,Global,2026-09-01,retaliation;speak up;investigation,authoritative
FAQ-0166,travel,HR-TRAVEL-2026,Meals,What is the meal reimbursement limit for domestic business travel (example 17)?,"Employees may claim actual meal expenses up to INR 2,000 per day during approved domestic overnight business travel, with itemized receipts where available. This row is a controlled FAQ variant for retrieval testing; governing policy remains HR-TRAVEL-2026.",India,2026-06-01,travel;meals;reimbursement,authoritative
FAQ-0167,attendance,HR-ATTEND-2026,Core Hours,What are core collaboration hours (example 17)?,"For standard flexible schedules, core collaboration hours are 11:00 to 16:00 local time unless the role uses shifts or another documented schedule. This row is a controlled FAQ variant for retrieval testing; governing policy remains HR-ATTEND-2026.",India,2026-08-15,hours;availability;core hours,authoritative
FAQ-0168,security,HR-SEC-2026,Lost Device,What should I do if my company laptop is stolen (example 17)?,Report the loss immediately to the service desk and Information Security so access can be secured and incident procedures can begin. This row is a controlled FAQ variant for retrieval testing; governing policy remains HR-SEC-2026.,Global,2026-05-10,laptop;lost device;security incident,authoritative
FAQ-0169,performance,HR-PERF-2026,Review Cycle,How often are formal performance reviews conducted (example 17)?,"Formal performance reviews are conducted twice per year, with goal check-ins expected at least quarterly. This row is a controlled FAQ variant for retrieval testing; governing policy remains HR-PERF-2026.",Global,2026-04-01,performance;review;goals,authoritative
FAQ-0170,expenses,HR-TRAVEL-2026,Receipts,When are receipts required (example 17)?,Itemized receipts are required for individual expenses above INR 500 and for any category where Finance specifically requires evidence. This row is a controlled FAQ variant for retrieval testing; governing policy remains HR-TRAVEL-2026.,India,2026-06-01,receipt;expense;finance,authoritative
FAQ-0171,leave,HR-LEAVE-2026,Annual Leave,How many annual leave days do employees receive (example 18)?,Regular full-time employees receive 24 days of paid annual leave per calendar year. This row is a controlled FAQ variant for retrieval testing; governing policy remains HR-LEAVE-2026.,India,2026-07-01,annual leave;paid leave;entitlement,authoritative
FAQ-0172,leave,HR-LEAVE-2026,Carry Forward,How much annual leave can I carry forward (example 18)?,Up to 10 unused annual-leave days may be carried forward and should normally be used by 31 March. This row is a controlled FAQ variant for retrieval testing; governing policy remains HR-LEAVE-2026.,India,2026-07-01,carry forward;expiry;31 March,authoritative
FAQ-0173,benefits,HR-BEN-2026,Medical Insurance,What is the standard medical insurance cover (example 18)?,"The standard family floater sum insured is INR 5,00,000 for the employee, spouse or registered partner, and up to two dependent children, subject to insurer terms. This row is a controlled FAQ variant for retrieval testing; governing policy remains HR-BEN-2026.",India,2026-04-01,insurance;medical;family floater,authoritative
FAQ-0174,remote-work,HR-REMOTE-2026,Hybrid Schedule,How many days can I work remotely (example 18)?,"The standard hybrid model allows up to two remote days per workweek, unless the business unit has another approved pattern. This row is a controlled FAQ variant for retrieval testing; governing policy remains HR-REMOTE-2026.",India,2026-08-15,remote;hybrid;office days,authoritative
FAQ-0175,conduct,HR-CONDUCT-2026,Retaliation,Is retaliation allowed after an employee reports misconduct (example 18)?,No. Retaliation against a person who raises a concern or participates in an investigation is prohibited. This row is a controlled FAQ variant for retrieval testing; governing policy remains HR-CONDUCT-2026.,Global,2026-09-01,retaliation;speak up;investigation,authoritative
FAQ-0176,travel,HR-TRAVEL-2026,Meals,What is the meal reimbursement limit for domestic business travel (example 18)?,"Employees may claim actual meal expenses up to INR 2,000 per day during approved domestic overnight business travel, with itemized receipts where available. This row is a controlled FAQ variant for retrieval testing; governing policy remains HR-TRAVEL-2026.",India,2026-06-01,travel;meals;reimbursement,authoritative
FAQ-0177,attendance,HR-ATTEND-2026,Core Hours,What are core collaboration hours (example 18)?,"For standard flexible schedules, core collaboration hours are 11:00 to 16:00 local time unless the role uses shifts or another documented schedule. This row is a controlled FAQ variant for retrieval testing; governing policy remains HR-ATTEND-2026.",India,2026-08-15,hours;availability;core hours,authoritative
FAQ-0178,security,HR-SEC-2026,Lost Device,What should I do if my company laptop is stolen (example 18)?,Report the loss immediately to the service desk and Information Security so access can be secured and incident procedures can begin. This row is a controlled FAQ variant for retrieval testing; governing policy remains HR-SEC-2026.,Global,2026-05-10,laptop;lost device;security incident,authoritative
FAQ-0179,performance,HR-PERF-2026,Review Cycle,How often are formal performance reviews conducted (example 18)?,"Formal performance reviews are conducted twice per year, with goal check-ins expected at least quarterly. This row is a controlled FAQ variant for retrieval testing; governing policy remains HR-PERF-2026.",Global,2026-04-01,performance;review;goals,authoritative
FAQ-0180,expenses,HR-TRAVEL-2026,Receipts,When are receipts required (example 18)?,Itemized receipts are required for individual expenses above INR 500 and for any category where Finance specifically requires evidence. This row is a controlled FAQ variant for retrieval testing; governing policy remains HR-TRAVEL-2026.,India,2026-06-01,receipt;expense;finance,authoritative
